{
  "Unique": {
    "Skeletal Deer": 9.586405899326708,
    "Magma Deer": 9.778775248477077,
    "Ice Wolf": 6.412311638345624,
    "Dark Bat": 9.586405899326708,
    "Magma Fox": 4.809233728759218,
    "Void Bat": 10.22763706316127,
    "Space Bull": 9.586405899326708,
    "Orange Deer": 9.586405899326708,
    "Fox": 6.412311638345624,
    "Hell Dragon": 9.586405899326708,
    "Ruby Golem": 6.412311638345624,
    "Bunny": 8.01538954793203
  },
  "Common": {
    "Demon Doggy": 9.090909090909092,
    "Cave Bat": 9.090909090909092,
    "Void Kitty": 9.848484848484848,
    "Magma Doggy": 6.8181818181818175,
    "Hell Piggy": 9.090909090909092,
    "Doggy": 6.0606060606060606,
    "Space Mouse": 9.090909090909092,
    "Golem": 4.545454545454546,
    "Dinosaur": 4.545454545454546,
    "Kitty": 4.545454545454546,
    "Red Golem": 9.090909090909092,
    "Ice Kitty": 4.545454545454546,
    "Wolf": 3.787878787878788,
    "Deer": 3.787878787878788,
    "Mouse": 6.0606060606060606
  },
  "Epic": {
    "Lunarcorn": 7.43801652892562,
    "Panda": 16.528925619834713,
    "Void Demon": 7.43801652892562,
    "Ice Dragon": 9.917355371900827,
    "Demon": 7.43801652892562,
    "Hell Bat": 7.43801652892562,
    "Green Angel": 7.43801652892562,
    "Dark Dragon": 21.487603305785125,
    "Emerald Bat": 7.43801652892562,
    "Inferno Demon": 7.43801652892562
  },
  "Secret": {
    "The Overlord": 66.66666666666666,
    "King Doggy": 33.33333333333333
  },
  "Legendary": {
    "Unicorn": 16.091658084449023,
    "Electra": 6.436663233779609,
    "Rainbow Shock": 0.032183316168898045,
    "Neon Elemental": 1.2873326467559219,
    "Hexarium": 0.06436663233779609,
    "Lunar Serpent": 16.091658084449023,
    "Inferno Dragon": 16.091658084449023,
    "Inferno Cube": 1.6091658084449023,
    "Dark Phoenix": 3.2183316168898046,
    "Emerald Golem": 32.183316168898045,
    "Green Hydra": 0.25746652935118436,
    "Virus": 0.12873326467559218,
    "Demonic Hydra": 0.06436663233779609,
    "Flying Pig": 6.436663233779609,
    "NULLVoid": 0.00643666323377961
  },
  "Rare": {
    "Lunar Fox": 7.6923076923076925,
    "Piggy": 15.384615384615385,
    "Bear": 5.4945054945054945,
    "Ice Deer": 8.791208791208792,
    "Dragon": 13.186813186813188,
    "Yellow Fox": 7.6923076923076925,
    "Night Crawler": 7.6923076923076925,
    "Hell Crawler": 7.6923076923076925,
    "Polar Bear": 10.989010989010989,
    "Magma Bear": 7.6923076923076925,
    "Angel": 7.6923076923076925
  }
}