{
  "Unique": {
    "Skeletal Deer": 9.586405899326708,
    "Magma Deer": 9.778775248477077,
    "Ice Wolf": 6.412311638345624,
    "Dark Bat": 9.586405899326708,
    "Magma Fox": 4.809233728759218,
    "Void Bat": 10.22763706316127,
    "Space Bull": 9.586405899326708,
    "Orange Deer": 9.586405899326708,
    "Fox": 6.412311638345624,
    "Hell Dragon": 9.586405899326708,
    "Ruby Golem": 6.412311638345624,
    "Bunny": 8.01538954793203
  },
  "Common": {
    "Hell Piggy": 8.287292817679557,
    "Demon Doggy": 8.287292817679557,
    "Cave Bat": 8.287292817679557,
    "Void Kitty": 8.977900552486188,
    "Magma Doggy": 6.2154696132596685,
    "Winged Doggy": 8.83977900552486,
    "Doggy": 5.524861878453039,
    "Space Mouse": 8.287292817679557,
    "Golem": 4.143646408839778,
    "Dinosaur": 4.143646408839778,
    "Kitty": 4.143646408839778,
    "Red Golem": 8.287292817679557,
    "Ice Kitty": 4.143646408839778,
    "Wolf": 3.4530386740331496,
    "Deer": 3.4530386740331496,
    "Mouse": 5.524861878453039
  },
  "Epic": {
    "Lunarcorn": 7.43801652892562,
    "Panda": 16.528925619834713,
    "Void Demon": 7.43801652892562,
    "Ice Dragon": 9.917355371900827,
    "Demon": 7.43801652892562,
    "Hell Bat": 7.43801652892562,
    "Green Angel": 7.43801652892562,
    "Dark Dragon": 21.487603305785125,
    "Emerald Bat": 7.43801652892562,
    "Inferno Demon": 7.43801652892562
  },
  "Secret": {
    "The Overlord": 23.91629297458893,
    "Diamond Overlord": 35.8744394618834,
    "Giant Robot": 0.029895366218236172,
    "Super Trophy": 11.958146487294465,
    "Eternal Star": 5.979073243647233,
    "King Kitty": 1.1958146487294465,
    "Fallen Angel": 8.96860986547085,
    "Shard": 0.11958146487294469,
    "King Doggy": 11.958146487294465
  },
  "Legendary": {
    "Paragon": 2.200220022002201,
    "Unicorn": 15.715857300015717,
    "Inferno Dragon": 15.715857300015717,
    "Glitch": 0.0031431714600031434,
    "Virus": 0.12572685840012573,
    "Demonic Hydra": 0.06286342920006287,
    "Flying Pig": 6.286342920006287,
    "Electra": 6.286342920006287,
    "Neon Elemental": 1.2572685840012574,
    "Lunar Serpent": 15.715857300015717,
    "Super Hexarium": 0.006286342920006287,
    "Platinum Dualcorn": 0.12572685840012573,
    "Dark Phoenix": 3.1431714600031433,
    "Emerald Golem": 31.431714600031434,
    "Green Hydra": 0.25145371680025147,
    "Hexarium": 0.06286342920006287,
    "Inferno Cube": 1.5715857300015716,
    "Rainbow Shock": 0.031431714600031434,
    "NULLVoid": 0.006286342920006287
  },
  "Rare": {
    "Lunar Fox": 5.785123966942149,
    "Piggy": 11.570247933884298,
    "Bear": 4.132231404958678,
    "Ice Deer": 6.6115702479338845,
    "Dragon": 9.917355371900827,
    "Spitty": 24.793388429752067,
    "Yellow Fox": 5.785123966942149,
    "Night Crawler": 5.785123966942149,
    "Hell Crawler": 5.785123966942149,
    "Polar Bear": 8.264462809917356,
    "Magma Bear": 5.785123966942149,
    "Angel": 5.785123966942149
  }
}